<?xml version="1.0" encoding="UTF-8"?>
<!DOCTYPE mapper PUBLIC "-//mybatis.org//DTD Mapper 3.0//EN" "http://mybatis.org/dtd/mybatis-3-mapper.dtd">
<mapper namespace="com.talkBox.server.dao.ConversionDao">
    <resultMap id="BaseResultMap" type="com.talkBox.server.model.ConversionModel">
        <id column="id" jdbcType="BIGINT" property="id"/>
        <result column="sender_id" jdbcType="BIGINT" property="senderId"/>
        <result column="receiver_id" jdbcType="BIGINT" property="receiverId"/>
        <result column="message" jdbcType="LONGVARCHAR" property="message"/>
        <result column="time" jdbcType="TIMESTAMP" property="time"/>
        <result column="status" javaType="INTEGER" property="status"/>
    </resultMap>

    <select id="selectByUserId" resultMap="BaseResultMap" >
        select id, sender_id,receiver_id, message, `time`, status from sh_conversion
        where sender_id = #{id1, jdbcType=BIGINT} and receiver_id = #{id2, jdbcType=BIGINT}
           or sender_id = #{id2, jdbcType=BIGINT} and receiver_id = #{id1, jdbcType=BIGINT}
        order by `time`
    </select>

    <insert id="insert" keyColumn="id" keyProperty="id" parameterType="com.talkBox.server.model.ConversionModel"
            useGeneratedKeys="true">
        insert into sh_conversion (sender_id,receiver_id, message, `time`, status)
        values (#{senderId,jdbcType=BIGINT}, #{receiverId,jdbcType=BIGINT},
                #{message,jdbcType=LONGVARCHAR},#{time,jdbcType=TIMESTAMP},
                #{status, jdbcType=INTEGER})
    </insert>


    <update id="updateStatus">
        update sh_conversion set status = 1 where id = #{id}
    </update>

</mapper>