<?xml version="1.0" encoding="UTF-8"?>
<!DOCTYPE mapper PUBLIC "-//mybatis.org//DTD Mapper 3.0//EN" "http://mybatis.org/dtd/mybatis-3-mapper.dtd">
<mapper namespace="com.talkBox.server.dao.ConversionListDao">
    <resultMap id="BaseResultMap" type="com.talkBox.server.model.ConversionListModel">
        <id column="id" jdbcType="BIGINT" property="id"/>
        <result column="sender_id" jdbcType="BIGINT" property="senderId"/>
        <result column="receiver_id" jdbcType="BIGINT" property="receiverId"/>
        <result column="last_message" jdbcType="VARCHAR" property="lastMessage"/>
        <result column="last_time" jdbcType="TIMESTAMP" property="lastTime"/>
    </resultMap>

    <select id="selectByUserId" resultMap="BaseResultMap" parameterType="java.lang.Long">
        select id, sender_id, receiver_id, last_message, last_time
        from sh_conversion_list
        where sender_id = #{id, jdbcType=BIGINT} or receiver_id = #{id, jdbcType=BIGINT}
        order by last_time
    </select>

    <select id="selectByABId" resultMap="BaseResultMap">
        select id, sender_id, receiver_id, last_message, last_time
        from sh_conversion_list
        where sender_id = #{id1, jdbcType=BIGINT} and receiver_id = #{id2, jdbcType=BIGINT}
        or sender_id = #{id2, jdbcType=BIGINT} and receiver_id = #{id1, jdbcType=BIGINT}
        order by last_time
    </select>

    <insert id="insert" keyColumn="id" keyProperty="id" parameterType="com.talkBox.server.model.ConversionListModel"
            useGeneratedKeys="true">
        insert into sh_conversion_list (sender_id, receiver_id, last_message, last_time)
        values (#{senderId,jdbcType = BIGINT}, #{receiverId,jdbcType=BIGINT},#{lastMessage,jdbcType=VARCHAR}, #{lastTime,jdbcType=TIMESTAMP})
    </insert>

    <update id="update">
        update sh_conversion_list
        set last_message = #{lastMessage,jdbcType=VARCHAR}, last_time = #{lastTime,jdbcType=TIMESTAMP}
        where id = #{id}
    </update>

</mapper>